ENA_ID	Assembler	trimmed_reads	reads_map_ref	reads_map_assembly	ref_bases	ref_sequences	ref_bases_assembled	ref_sequences_assembled	ref_sequences_assembled_ok	ref_bases_assembler_missed	assembly_bases	assembly_bases_in_ref	assembly_contigs	assembly_contigs_hit_ref	assembly_bases_reads_disagree	assembly_sum_longest_match_each_segment	cds_number	cds_assembled	cds_assembled_ok	gage_Missing_Reference_Bases	gage_Missing_Assembly_Bases	gage_Missing_Assembly_Contigs	gage_Duplicated_Reference_Bases	gage_Compressed_Reference_Bases	gage_Bad_Trim	gage_Avg_Idy	gage_SNPs	gage_Indels_<_5bp	gage_Indels_>=_5	gage_Inversions	gage_Relocation	gage_Translocation	ratt_elements_found	ratt_elements_transferred	ratt_elements_transferred_partially	ratt_elements_split	ratt_parts_of_elements_not_transferred	ratt_elements_not_transferred	ratt_gene_models_to_transfer	ratt_gene_models_transferred	ratt_gene_models_transferred_partially	ratt_exons_not_transferred_from_partial_matches	ratt_gene_models_not_transferred
ERR732116	IVA	589272	416136	530692	8836	1	8730	1	1	21	23001	8707	28	1	16	9008	9	8	6	1391	15557	27	0	0	684	91.18	649	8	6	0	0	0	19	19	0	0	0	0	9	9	0	0	0
ERR732116	IVA.c5r2	589272	416136	529930	8836	1	8730	1	1	21	25111	8701	27	1	21	9002	9	8	6	1391	17667	26	0	0	684	91.13	653	8	6	0	0	0	19	19	0	0	0	0	9	9	0	0	0
ERR732116	PRICE	589272	416112	560369	8836	1	8781	1	1	0	22345	8759	32	1	38	9094	9	7	5	1340	14849	31	0	0	718	91.16	654	9	6	0	0	0	19	19	0	0	0	0	9	9	0	0	0
ERR732116	Inchworm	589272	416131	586834	8836	1	8751	1	0	0	247769	21171	1994	9	114	9117	9	7	1	1351	229602	1989	10682	0	2256	91.03	664	8	4	0	0	0	19	19	0	0	0	0	9	9	0	0	0
ERR732116	Trinity	589272	416137	581631	8836	1	8751	1	0	0	111187	19427	230	4	49	9064	9	7	0	1370	94614	227	9108	0	2404	91.04	661	8	4	0	0	0	19	19	0	0	0	0	9	9	0	0	0
ERR732116	VICUNA.80	589272	416106	544421	8836	1	8751	1	0	0	65181	12865	114	14	44	9193	9	8	3	1370	55308	106	2370	0	1371	91.21	652	8	7	0	0	0	19	19	0	0	0	0	9	9	0	0	0
ERR732116	VICUNA.90	589272	416153	543969	8836	1	8751	1	0	0	64300	12009	118	12	48	9124	9	8	3	714	54602	112	1583	0	1215	90.72	737	17	6	0	0	0	19	19	0	0	0	0	9	9	0	0	0
ERR732096	IVA	1565146	1381418	1551649	8720	1	8645	1	0	21	13660	12205	5	3	44	9490	8	8	3	140	2093	2	2122	0	494	93.17	499	36	5	1	0	0	19	13	0	0	8	6	8	5	0	0	3
ERR732096	IVA.c5r2	1565146	1381342	1550637	8720	1	8645	1	0	21	12479	10948	5	3	34	9396	8	8	4	354	2393	2	1386	0	618	93.56	495	29	6	1	0	0	19	13	0	0	8	6	8	5	0	0	3
ERR732096	PRICE	1565146	1381388	1555586	8720	1	8662	1	0	4	21748	17017	18	12	103	11261	8	8	1	175	6097	8	6493	0	3745	93.26	474	30	5	0	0	0	19	19	0	0	0	0	8	8	0	0	0
ERR732096	Inchworm	1565146	1381356	1559682	8720	1	8666	1	0	0	307873	30418	3585	16	281	9120	8	8	1	166	279441	3579	19876	0	1833	93.22	554	24	6	0	0	0	19	19	0	0	0	0	8	8	0	0	0
ERR732096	Trinity	1565146	1381385	1559688	8720	1	8652	1	0	14	55467	32839	78	15	183	9086	8	8	0	347	25009	65	22080	0	2671	93.49	516	27	2	0	0	0	19	19	0	0	0	0	8	8	0	0	0
ERR732096	VICUNA.80	1565146	1381377	1556114	8720	1	8586	1	0	80	29812	18954	54	36	65	9548	8	8	3	413	13405	23	7595	0	3387	93.86	477	28	6	0	0	0	19	19	0	0	0	0	8	8	0	0	0
ERR732096	VICUNA.90	1565146	1381388	1556719	8720	1	8666	1	0	0	32840	21025	63	42	97	9434	8	8	3	250	16011	29	7898	0	4115	93.41	471	26	5	0	0	0	19	19	0	0	0	0	8	8	0	0	0
ERR732103	IVA	1420312	437160	970672	8836	1	8738	1	1	7	42686	8709	50	1	63	9011	9	8	6	1381	35235	49	0	0	685	90.95	664	11	5	0	0	0	19	19	0	0	0	0	9	9	0	0	0
ERR732103	IVA.c5r2	1420312	437168	1025190	8836	1	8738	1	0	7	44122	9008	49	2	122	9013	9	8	5	1381	36671	48	0	0	687	90.95	664	11	5	0	0	0	19	19	0	0	0	0	9	9	0	0	0
ERR732103	PRICE	1420312	437137	1109841	8836	1	7304	0	0	1441	51339	8265	94	5	152	4843	9	5	4	2864	44574	90	463	0	2183	91.98	479	9	5	0	0	0	19	11	0	0	9	8	9	4	0	0	5
ERR732103	Inchworm	1420312	437161	1381982	8836	1	8751	1	0	0	2262860	22247	18882	24	2251	5327	9	8	1	1346	2246624	18871	8701	0	6909	91.01	666	11	3	0	0	0	19	19	0	7	0	0	9	9	0	0	0
ERR732103	Trinity	1420312	437161	1243547	8836	1	8751	1	0	0	837294	11806	2199	10	960	5383	9	8	4	1368	829782	2196	0	0	2229	91.08	659	11	5	0	0	0	19	11	1	0	8	7	9	4	1	1	4
ERR732103	VICUNA.80	1420312	437181	1161041	8836	1	8751	1	0	0	285102	16292	548	13	295	7821	9	8	3	1338	276105	544	1505	0	3046	90.92	665	16	3	0	0	0	19	16	1	0	3	2	9	7	1	1	1
ERR732103	VICUNA.90	1420312	437150	1160221	8836	1	8751	1	0	0	282440	17767	553	17	288	9081	9	8	2	1338	273097	547	1481	0	3487	90.99	644	16	3	0	0	0	19	19	0	0	0	0	9	9	0	0	0
ERR732111	IVA	673916	380555	601798	9633	1	8907	1	1	221	40293	8953	49	1	68	9074	9	4	4	2257	32908	48	0	0	778	89.32	756	35	4	0	0	0	21	21	0	0	0	0	9	9	0	0	0
ERR732111	IVA.c5r2	673916	380552	608213	9633	1	8907	1	0	221	41407	9189	48	2	72	9057	9	4	4	2257	33786	46	251	0	1120	88.26	808	62	3	0	0	0	21	21	0	0	0	0	9	9	0	0	0
ERR732111	PRICE	673916	380545	619061	9633	1	9040	1	0	128	31442	9679	43	4	63	9277	9	4	3	2237	24041	42	0	0	956	89.38	759	29	5	0	0	0	21	21	0	0	0	0	9	9	0	0	0
ERR732111	Inchworm	673916	380559	670648	9633	1	9040	1	0	145	317040	29810	2550	8	112	9119	9	4	0	2239	291271	2545	18371	0	3339	89.4	756	30	4	0	0	0	21	21	0	6	0	0	9	9	0	0	0
ERR732111	Trinity	673916	380572	500091	9633	1	2706	0	0	6165	110000	2723	225	3	251	1372	9	0	0	8163	108520	223	0	0	893	92.78	103	4	1	0	0	0	21	8	0	0	17	13	9	3	0	0	6
ERR732111	VICUNA.80	673916	380543	628918	9633	1	9040	1	0	128	76634	10172	111	3	48	9191	9	4	2	2237	69234	110	0	0	845	89.42	757	28	5	0	0	0	21	21	0	0	0	0	9	9	0	0	0
ERR732111	VICUNA.90	673916	380580	628803	9633	1	9040	1	0	119	78665	10380	120	4	54	9191	9	4	2	2237	71265	119	0	0	845	89.42	757	28	5	0	0	0	21	21	0	0	0	0	9	9	0	0	0
ERR732099	IVA	2849832	2164064	2491220	8836	1	8730	1	1	21	34020	8719	30	1	55	9020	9	8	6	2029	27215	29	0	0	1337	91.32	584	7	5	0	0	0	19	19	0	0	0	0	9	9	0	0	0
ERR732099	IVA.c5r2	2849832	2164155	2522018	8836	1	8730	1	1	21	48218	8716	50	1	65	9017	9	8	6	1391	40777	49	0	0	684	91.1	652	11	6	0	0	0	19	19	0	0	0	0	9	9	0	0	0
ERR732099	PRICE	2849832	2164085	2637191	8836	1	8317	1	0	434	19358	9489	30	6	52	4914	9	6	4	2944	12951	26	236	0	1897	91.84	476	13	5	0	0	0	19	13	1	0	6	5	9	5	1	1	3
ERR732099	Inchworm	2849832	2164145	2828282	8836	1	8751	1	0	0	1606486	29674	12782	25	1371	9134	9	8	0	2010	1584262	12776	15399	0	4848	91.23	592	7	3	0	0	0	19	19	0	0	0	0	9	9	0	0	0
ERR732099	Trinity	2849832	2164086	2793144	8836	1	8727	1	0	24	638888	9411	1715	3	799	9053	9	8	4	2029	632083	1714	0	0	1370	91.27	587	7	5	0	0	0	19	19	0	0	0	0	9	9	0	0	0
ERR732099	VICUNA.80	2849832	2164126	2730082	8836	1	8751	1	0	0	194792	15697	372	20	238	9163	9	8	2	1466	183821	359	3609	0	2072	90.98	652	13	6	0	0	0	19	19	0	0	0	0	9	9	0	0	0
ERR732099	VICUNA.90	2849832	2164059	2728795	8836	1	8751	1	0	0	196290	16656	389	24	209	9162	9	8	2	1466	184878	374	3942	0	2352	90.98	652	13	6	0	0	0	19	19	0	0	0	0	9	9	0	0	0
ERR732079	IVA	823458	502925	765988	8978	1	8898	1	1	0	31211	8933	28	1	13	9122	9	7	6	1735	23960	27	0	0	297	91.76	559	40	4	0	0	0	19	19	0	0	0	0	9	9	0	0	0
ERR732079	IVA.c5r2	823458	502956	772704	8978	1	8898	1	1	0	38655	8933	37	1	8	9148	9	7	6	1735	31404	36	0	0	323	91.74	561	40	4	0	0	0	19	19	0	0	0	0	9	9	0	0	0
ERR732079	PRICE	823458	502920	758885	8978	1	8894	1	0	4	24206	10015	28	5	34	6862	9	7	3	656	15211	43	387	0	1213	91.25	676	48	5	0	0	0	19	17	0	0	2	2	9	8	0	0	1
ERR732079	Inchworm	823458	502943	814716	8978	1	8898	1	0	0	819247	25983	8750	15	238	6180	9	7	0	656	798327	8743	12541	0	5167	91.28	684	47	5	0	0	0	19	19	0	2	0	0	9	9	0	0	0
ERR732079	Trinity	823458	502926	809893	8978	1	8898	1	0	0	152045	12501	303	7	156	3759	9	7	0	1620	142052	298	2583	0	2817	91.63	576	44	2	0	0	0	19	18	1	8	1	0	9	8	1	1	0
ERR732079	VICUNA.80	823458	502946	782698	8978	1	8898	1	0	0	67253	11155	99	10	59	6937	9	7	4	656	56863	90	1817	0	1354	91.31	672	47	5	0	0	0	19	17	0	0	2	2	9	8	0	0	1
ERR732079	VICUNA.90	823458	502939	782942	8978	1	8898	1	0	0	69535	11878	106	12	55	6937	9	7	2	649	58589	95	2261	0	1622	91.33	667	47	4	0	0	0	19	17	0	0	2	2	9	8	0	0	1
ERR732073	IVA	2153434	1841315	2106772	8720	1	8666	1	0	0	32829	17153	28	3	55	9127	8	8	1	291	17527	25	6036	0	1927	93.01	461	34	5	0	0	0	19	19	0	0	0	0	8	8	0	0	0
ERR732073	IVA.c5r2	2153434	1841409	2111478	8720	1	8666	1	0	0	35820	14922	31	2	44	9135	8	8	1	437	22248	29	5281	0	1416	93.42	513	30	6	0	0	0	19	19	0	0	0	0	8	8	0	0	0
ERR732073	PRICE	2153434	1841314	2105772	8720	1	8666	1	0	0	17238	9154	21	3	42	9988	8	8	6	478	8589	18	191	0	1466	93.81	482	18	6	0	0	0	19	19	0	0	0	0	8	8	0	0	0
ERR732073	Inchworm	2153434	1841350	2141787	8720	1	8666	1	0	0	1145606	39796	13802	28	406	9180	8	8	0	431	1110492	13796	26817	0	2230	93.58	499	32	4	0	0	0	19	19	0	0	0	0	8	8	0	0	0
ERR732073	Trinity	2153434	1841322	2130787	8720	1	8666	1	0	0	145407	17416	305	15	178	6344	8	8	1	332	129687	291	7331	0	2183	93.5	515	28	4	0	0	0	19	15	2	0	4	2	8	6	1	1	1
ERR732073	VICUNA.80	2153434	1841381	2118677	8720	1	8666	1	0	0	73064	25631	120	36	144	9283	8	8	0	95	52778	92	9726	0	4275	93.36	443	32	5	0	0	0	19	19	0	0	0	0	8	8	0	0	0
ERR732073	VICUNA.90	2153434	1841365	2118638	8720	1	8666	1	0	0	84242	33796	150	58	200	9271	8	8	0	95	59070	107	14612	0	4914	93.35	444	32	5	0	0	0	19	19	0	0	0	0	8	8	0	0	0
ERR732100	IVA	1207946	532248	949457	9017	1	8885	1	1	21	47162	8855	50	1	91	9030	9	5	5	2054	40205	49	0	0	259	88.42	776	30	3	0	0	0	20	20	0	0	0	0	9	9	0	0	0
ERR732100	IVA.c5r2	1207946	532253	959808	9017	1	8885	1	1	21	48021	8855	50	1	64	9030	9	5	5	1490	40502	49	0	0	259	88.0	852	52	3	0	0	0	20	20	0	0	0	0	9	9	0	0	0
ERR732100	PRICE	1207946	532246	962677	9017	1	8906	1	0	0	48302	9909	74	2	171	9868	9	5	5	1490	40408	72	375	0	2055	88.05	848	52	2	0	0	0	20	20	0	0	0	0	9	9	0	0	0
ERR732100	Inchworm	1207946	532262	1173573	9017	1	8906	1	0	0	2257587	34524	17012	22	2132	9095	9	5	0	1307	2229904	17003	19981	0	3802	88.09	867	52	2	0	0	0	20	20	0	0	0	0	9	9	0	0	0
ERR732100	Trinity	1207946	532244	1095098	9017	1	8906	1	0	0	970947	24637	2462	8	1304	9095	9	5	0	1094	950629	2457	12402	0	2591	87.9	903	57	2	0	0	0	20	20	0	0	0	0	9	9	0	0	0
ERR732100	VICUNA.80	1207946	532262	1026446	9017	1	8931	1	0	0	248737	12896	450	12	307	9141	9	5	2	1201	238712	442	1824	0	1308	88.31	858	49	2	0	0	0	20	20	0	0	0	0	9	9	0	0	0
ERR732100	VICUNA.90	1207946	532250	1025700	9017	1	8931	1	0	0	249839	13360	464	14	306	9141	9	5	2	1201	239343	454	2295	0	1445	88.31	858	49	2	0	0	0	20	20	0	0	0	0	9	9	0	0	0
ERR732110	IVA	536418	410054	467962	9633	1	8907	1	1	269	19136	8917	18	1	18	9037	9	4	4	2255	11752	17	0	0	777	89.51	743	34	4	0	0	0	21	21	0	0	0	0	9	9	0	0	0
ERR732110	IVA.c5r2	536418	410060	469296	9633	1	8912	1	1	327	21381	8922	23	1	22	9037	9	4	4	2255	13997	22	0	0	777	89.47	746	34	4	0	0	0	21	21	0	0	0	0	9	9	0	0	0
ERR732110	PRICE	536418	410076	488379	9633	1	9036	1	0	219	18460	10031	22	2	11	9092	9	4	3	2232	10586	20	466	0	1304	89.54	742	35	4	0	0	0	21	21	0	0	0	0	9	9	0	0	0
ERR732110	Inchworm	536418	410054	533146	9633	1	9040	1	0	226	286960	25871	2024	4	108	9206	9	4	0	2232	264696	2020	14857	0	4690	89.54	743	34	2	0	0	0	21	21	0	6	0	0	9	9	0	0	0
ERR732110	Trinity	536418	410056	512001	9633	1	9024	1	1	161	129492	9060	317	1	120	9060	9	4	4	2244	122096	316	0	0	788	89.51	743	35	4	0	0	0	21	21	0	0	0	0	9	9	0	0	0
ERR732110	VICUNA.80	536418	410100	502412	9633	1	9040	1	0	156	65597	10276	110	4	35	7838	9	4	3	2244	57008	106	558	0	1147	89.87	694	30	5	0	0	0	21	21	0	0	0	0	9	9	0	0	0
ERR732110	VICUNA.90	536418	410099	502363	9633	1	9040	1	0	219	66804	10745	114	5	35	7837	9	4	3	2237	57738	109	1028	0	838	89.85	696	30	5	0	0	0	21	21	0	0	0	0	9	9	0	0	0
ERR732090	IVA	1420628	944675	1215810	8836	1	8730	1	0	21	38161	11007	42	2	59	9002	9	8	5	1362	30039	40	141	0	3158	90.96	615	19	3	0	0	0	19	19	0	0	0	0	9	9	0	0	0
ERR732090	IVA.c5r2	1420628	944698	1221935	8836	1	8730	1	0	21	43745	11208	48	2	99	8999	9	8	4	1362	34993	46	619	0	2729	90.87	600	19	3	0	0	0	19	19	0	0	0	0	9	9	0	0	0
ERR732090	PRICE	1420628	944664	1285392	8836	1	8751	1	0	0	39572	13734	53	12	61	5168	9	8	3	1322	29746	47	1776	0	10452	90.46	665	26	2	0	0	0	19	17	0	0	2	2	9	8	0	0	1
ERR732090	Inchworm	1420628	944637	1403405	8836	1	8751	1	0	0	1051064	21868	8630	25	1017	7413	9	8	1	1368	1035162	8621	8368	0	4629	91.02	650	14	5	0	0	0	19	19	0	5	0	0	9	9	0	0	0
ERR732090	Trinity	1420628	944667	933453	8836	1	5074	0	0	3677	430790	6820	1129	9	1088	1692	9	2	1	6213	426671	1126	1501	0	271	90.24	249	7	1	0	0	0	19	10	1	0	9	8	9	4	1	1	4
ERR732090	VICUNA.80	1420628	944666	1278632	8836	1	8751	1	0	0	170963	14501	334	19	213	9198	9	8	3	1405	161397	328	2071	0	1980	91.13	648	12	7	0	0	0	19	19	0	0	0	0	9	9	0	0	0
ERR732090	VICUNA.90	1420628	944657	1269589	8836	1	8751	1	0	0	176078	17819	352	26	184	9115	9	8	2	1324	164269	342	3666	0	4048	91.17	629	13	3	0	0	0	19	19	0	0	0	0	9	9	0	0	0
ERR732091	IVA	1241052	1073314	1194716	8857	1	8737	1	1	23	30311	8742	36	1	39	9027	9	8	7	331	21777	35	0	0	285	92.41	619	30	2	0	0	0	19	19	0	0	0	0	9	9	0	0	0
ERR732091	IVA.c5r2	1241052	1073371	1199338	8857	1	8737	1	1	23	30985	8736	30	1	56	9021	9	8	7	331	22454	29	0	0	285	92.41	618	31	2	0	0	0	19	19	0	0	0	0	9	9	0	0	0
ERR732091	PRICE	1241052	1073363	1171869	8857	1	8758	1	0	2	22692	13937	20	9	47	6021	9	8	0	167	9244	12	4397	0	3238	92.49	632	35	2	0	0	0	19	17	0	0	2	2	9	8	0	0	1
ERR732091	Inchworm	1241052	1073310	1231911	8857	1	8758	1	0	2	658168	17792	5405	16	509	4649	9	8	0	145	642056	5400	6697	0	605	92.43	622	37	0	0	0	0	19	17	0	0	2	2	9	8	0	0	1
ERR732091	Trinity	1241052	1073333	1228431	8857	1	8754	1	0	6	287015	26201	663	7	337	8529	9	8	0	147	261633	658	15307	0	1043	92.31	564	32	0	0	0	0	19	19	0	0	0	0	9	9	0	0	0
ERR732091	VICUNA.80	1241052	1073290	1213852	8857	1	8758	1	0	2	98384	14258	169	17	75	5528	9	8	2	305	87109	165	2467	0	1496	92.51	606	31	3	0	0	0	19	17	0	0	2	2	9	8	0	0	1
ERR732091	VICUNA.90	1241052	1073309	1213390	8857	1	8758	1	0	2	99646	15433	176	21	62	9175	9	8	2	145	87910	170	2771	0	1852	92.22	638	32	3	0	0	0	19	19	0	0	0	0	9	9	0	0	0
ERR732092	IVA	1467468	1230730	1411327	9056	1	8878	1	1	118	24653	8887	30	1	32	9033	9	8	7	366	15969	29	0	0	146	91.48	680	58	4	0	0	0	19	19	0	0	0	0	9	9	0	0	0
ERR732092	IVA.c5r2	1467468	1230757	1414578	9056	1	8878	1	1	118	25268	8884	29	1	44	9030	9	8	7	408	16621	28	0	0	146	92.33	627	33	5	0	0	0	19	19	0	0	0	0	9	9	0	0	0
ERR732092	PRICE	1467468	1230750	1396748	9056	1	8945	1	0	65	25551	13545	28	11	93	10117	9	7	3	588	14615	20	1968	0	3744	92.51	565	32	3	0	0	0	19	19	0	0	0	0	9	9	0	0	0
ERR732092	Inchworm	1467468	1230727	1451392	9056	1	9010	1	0	0	675148	21542	5865	13	355	7158	9	8	0	276	655182	5858	11151	0	638	92.42	631	33	4	0	1	0	19	17	0	0	2	2	9	8	0	0	1
ERR732092	Trinity	1467468	1230764	1443870	9056	1	8899	1	0	97	261322	12626	662	9	276	9059	9	8	2	385	250687	657	1756	0	1107	92.34	619	33	4	0	0	0	19	19	0	0	0	0	9	9	0	0	0
ERR732092	VICUNA.80	1467468	1230760	1437758	9056	1	9010	1	0	0	104033	19072	198	30	113	9193	9	8	1	424	90091	179	4829	0	2324	92.23	613	52	3	0	1	0	19	19	0	0	0	0	9	9	0	0	0
ERR732092	VICUNA.90	1467468	1230716	1438341	9056	1	9010	1	0	0	106131	20953	207	37	122	9151	9	8	1	424	91190	185	6175	0	2141	92.09	631	52	2	0	1	0	19	19	0	0	0	0	9	9	0	0	0
ERR732080	IVA	2114396	1448904	1934094	8978	1	8873	1	0	25	36909	9299	41	2	9	9029	9	7	4	1864	29493	39	294	0	380	91.62	560	38	3	0	0	0	19	19	0	0	0	0	9	9	0	0	0
ERR732080	IVA.c5r2	2114396	1448928	1935356	8978	1	8873	1	1	25	45860	8878	48	1	9	9102	9	7	6	2370	39249	47	0	0	307	91.98	505	27	4	0	0	0	19	19	0	0	0	0	9	9	0	0	0
ERR732080	PRICE	2114396	1448898	1988931	8978	1	8898	1	0	0	35212	11399	85	7	60	5007	9	7	1	1864	26168	78	1645	0	2906	91.8	550	34	3	0	0	0	19	7	0	0	14	12	9	3	0	0	6
ERR732080	Inchworm	2114396	1448923	2089903	8978	1	8898	1	0	0	1413260	33236	16609	15	390	9291	9	7	0	1864	1383225	16602	22913	0	1238	91.64	559	38	3	0	0	0	19	19	0	0	0	0	9	9	0	0	0
ERR732080	Trinity	2114396	1448896	2020741	8978	1	8898	1	0	0	181787	13127	343	9	165	5670	9	7	1	1864	171895	337	1970	0	1268	91.75	502	35	2	0	0	0	19	19	0	10	0	0	9	9	0	0	0
ERR732080	VICUNA.80	2114396	1448928	2042813	8978	1	8898	1	0	0	85857	13017	143	13	54	9285	9	7	1	1864	76744	139	1585	0	1560	91.9	545	36	3	0	0	0	19	19	0	0	0	0	9	9	0	0	0
ERR732080	VICUNA.90	2114396	1449000	2042781	8978	1	8898	1	0	0	88831	13317	155	16	97	9243	9	7	1	1864	79597	149	2107	0	1747	91.65	558	38	3	0	0	0	19	19	0	0	0	0	9	9	0	0	0
ERR732087	IVA	998896	610691	870831	8958	1	8852	1	0	22	25391	11404	20	2	50	9002	8	7	2	460	16630	18	266	0	2781	90.67	775	18	6	0	0	0	19	19	0	0	0	0	8	8	0	0	0
ERR732087	IVA.c5r2	998896	610676	893238	8958	1	8852	1	0	22	45289	11728	50	2	46	9002	8	7	2	457	36374	48	417	0	2957	90.62	779	18	6	0	0	0	19	19	0	0	0	0	8	8	0	0	0
ERR732087	PRICE	998896	610684	885531	8958	1	6628	0	0	2246	43240	12392	53	8	125	3516	8	6	2	2941	34615	46	2388	0	7069	90.05	568	18	5	0	0	0	19	19	0	8	0	0	8	8	0	0	0
ERR732087	Inchworm	998896	610713	978935	8958	1	8875	1	0	0	1200749	19473	7936	31	947	4009	8	7	0	824	1185637	7923	6930	0	6589	90.73	747	11	5	0	0	0	19	19	0	6	0	0	8	8	0	0	0
ERR732087	Trinity	998896	610751	962966	8958	1	8480	1	0	394	677228	14326	1701	11	668	3446	8	4	2	850	664944	1694	4128	0	4450	90.81	738	11	6	0	0	0	19	17	0	6	2	2	8	7	0	0	1
ERR732087	VICUNA.80	998896	610723	949441	8958	1	8874	1	0	0	232437	13445	443	10	181	7522	8	7	2	563	222181	435	1592	0	3086	90.68	750	18	6	0	0	0	19	15	2	0	4	2	8	6	2	2	0
ERR732087	VICUNA.90	998896	610696	948792	8958	1	8874	1	0	0	229149	14751	443	13	180	7428	8	7	1	418	218411	433	1929	0	3909	90.63	768	18	6	0	0	0	19	15	2	0	4	2	8	6	2	2	0
ERR732095	IVA	1569016	1285657	1492052	8720	1	8645	1	0	21	20715	12378	17	2	61	9048	8	8	4	346	9429	15	2308	0	927	93.13	485	23	4	0	0	0	19	19	0	0	0	0	8	8	0	0	0
ERR732095	IVA.c5r2	1569016	1285648	1490075	8720	1	8586	1	0	80	17085	8922	15	1	62	9321	8	8	6	555	8662	14	0	0	84	93.38	513	19	6	1	0	0	19	17	0	0	2	2	8	7	0	0	1
ERR732095	PRICE	1569016	1285654	1531896	8720	1	8666	1	0	0	21091	12207	29	8	74	9506	8	8	3	539	10040	22	2658	0	2878	93.47	491	24	3	0	0	0	19	19	0	0	0	0	8	8	0	0	0
ERR732095	Inchworm	1569016	1285608	1562001	8720	1	8666	1	0	0	496619	32589	4775	19	379	11052	8	8	0	177	467498	4769	19496	0	8490	93.66	500	19	3	0	0	0	19	19	0	0	0	0	8	8	0	0	0
ERR732095	Trinity	1569016	1285617	1541084	8720	1	8666	1	0	0	141878	19113	332	19	243	5618	8	8	0	177	125389	314	7032	0	2341	93.38	482	16	3	0	0	0	19	19	0	8	0	0	8	8	0	0	0
ERR732095	VICUNA.80	1569016	1285709	1531263	8720	1	8666	1	0	0	52032	11923	88	11	72	9164	8	8	3	246	41384	79	2138	0	1709	93.4	532	25	4	0	0	0	19	19	0	0	0	0	8	8	0	0	0
ERR732095	VICUNA.90	1569016	1285643	1531243	8720	1	8666	1	0	0	52305	12418	91	12	107	9158	8	8	2	250	40853	80	2941	0	1772	93.41	531	25	4	0	0	0	19	19	0	0	0	0	8	8	0	0	0
ERR732078	IVA	2082262	1682283	2014776	8835	1	8749	1	1	0	20252	8775	17	1	2	9145	7	7	5	1818	13235	16	0	0	473	92.39	509	24	3	0	0	0	19	19	0	0	0	0	7	7	0	0	0
ERR732078	IVA.c5r2	2082262	1682292	2019968	8835	1	8749	1	1	0	24982	8775	24	1	4	9147	7	7	5	1818	17965	23	0	0	475	92.39	509	24	3	0	0	0	19	19	0	0	0	0	7	7	0	0	0
ERR732078	PRICE	2082262	1682324	2036728	8835	1	8749	1	0	0	23055	10724	56	6	8	9456	7	7	2	1818	14372	54	1656	0	2203	92.39	509	24	3	0	0	0	19	19	0	0	0	0	7	7	0	0	0
ERR732078	Inchworm	2082262	1682338	2064471	8835	1	8754	1	0	0	1540107	32401	18948	22	148	9217	7	7	1	1818	1514520	18942	14733	0	5720	93.08	296	24	0	0	0	0	19	19	0	0	0	0	7	7	0	0	0
ERR732078	Trinity	2082262	1682308	2049709	8835	1	8749	1	1	0	109067	8775	241	1	183	9081	7	7	5	1818	102050	240	0	0	409	92.39	509	24	3	0	0	0	19	19	0	0	0	0	7	7	0	0	0
ERR732078	VICUNA.80	2082262	1682311	2039188	8835	1	8749	1	0	0	54038	12755	90	13	48	9309	7	7	1	1818	43688	80	2703	0	1113	92.59	480	20	3	0	0	0	19	19	0	0	0	0	7	7	0	0	0
ERR732078	VICUNA.90	2082262	1682300	2039564	8835	1	8749	1	0	0	57166	13630	102	18	65	9249	7	7	1	1818	45765	87	3974	0	1429	92.43	483	22	3	0	0	0	19	19	0	0	0	0	7	7	0	0	0
ERR732097	IVA	1639092	1463596	1629741	8978	1	8873	1	0	25	16811	12583	7	3	72	9045	9	7	4	530	5644	4	2165	0	1810	91.3	631	39	3	0	0	0	19	19	0	0	0	0	9	9	0	0	0
ERR732097	IVA.c5r2	1639092	1463524	1630508	8978	1	8873	1	0	25	17217	13639	6	2	68	9972	9	7	1	512	5185	4	2309	0	1190	91.45	600	47	2	1	0	0	19	19	0	2	0	0	9	9	0	0	0
ERR732097	PRICE	1639092	1463477	1620742	8978	1	8898	1	0	0	15289	13410	8	4	55	11874	9	7	0	504	3413	5	1339	0	1777	91.4	505	35	4	1	0	0	19	15	0	0	4	4	9	7	0	0	2
ERR732097	Inchworm	1639092	1463564	1632340	8978	1	8898	1	0	0	320454	34736	3499	10	260	9140	9	7	0	515	287384	3492	24597	0	1300	91.73	663	39	3	0	0	0	19	19	0	0	0	0	9	9	0	0	0
ERR732097	Trinity	1639092	1463567	1629794	8978	1	8898	1	0	0	61418	25323	107	12	182	9080	9	7	0	502	38376	98	14169	0	1832	91.57	647	40	2	0	0	0	19	19	0	0	0	0	9	9	0	0	0
ERR732097	VICUNA.80	1639092	1463559	1621600	8978	1	8898	1	0	0	31578	14885	47	20	87	9575	9	6	0	743	19939	33	3387	0	3096	91.79	646	33	5	0	0	0	19	19	0	0	0	0	9	9	0	0	0
ERR732097	VICUNA.90	1639092	1463572	1631796	8978	1	8898	1	0	0	33662	15662	51	19	110	10392	9	7	1	616	21560	39	3707	0	2557	91.79	657	33	4	1	1	0	19	19	0	0	0	0	9	9	0	0	0
ERR732076	IVA	2305022	1867278	2238860	9781	1	9069	1	0	260	24541	8954	20	1	2	9053	9	3	3	5344	20098	19	0	0	3488	87.42	502	26	1	0	0	0	21	21	0	0	0	0	9	9	0	0	0
ERR732076	IVA.c5r2	2305022	1867313	2241264	9781	1	9103	1	0	240	26685	8971	20	1	6	9128	9	3	3	5327	22225	19	0	0	3546	87.47	502	26	1	0	0	0	21	21	0	0	0	0	9	9	0	0	0
ERR732076	PRICE	2305022	1867304	2214151	9781	1	9103	1	0	243	16481	10594	17	7	11	5256	9	3	0	5327	10955	12	789	0	4915	87.85	484	24	1	0	0	0	21	8	0	0	15	13	9	3	0	0	6
ERR732076	Inchworm	2305022	1867290	2296732	9781	1	9103	1	0	243	909385	22765	11325	7	97	9236	9	3	0	5327	897105	11321	7820	0	8894	87.47	502	26	1	0	0	0	21	21	0	0	0	0	9	9	0	0	0
ERR732076	Trinity	2305022	1867285	2254444	9781	1	9103	1	0	243	74815	9188	153	2	84	9083	9	3	3	5327	70355	152	0	0	3501	87.47	502	26	1	0	0	0	21	21	0	0	0	0	9	9	0	0	0
ERR732076	VICUNA.80	2305022	1867263	2278841	9781	1	9103	1	0	240	41509	10525	57	7	28	9256	9	3	1	5342	36785	56	277	0	3762	87.58	498	26	1	0	0	0	21	21	0	0	0	0	9	9	0	0	0
ERR732076	VICUNA.90	2305022	1867263	2279179	9781	1	9103	1	0	240	44829	11580	67	10	34	9256	9	3	1	5337	39622	64	755	0	3986	87.58	497	26	1	0	0	0	21	21	0	0	0	0	9	9	0	0	0
ERR732077	IVA	2084004	1652979	2017531	8835	1	8669	1	1	61	29772	8672	32	1	16	9053	7	7	5	1818	22755	31	0	0	381	92.41	508	24	3	0	0	0	19	19	0	0	0	0	7	7	0	0	0
ERR732077	IVA.c5r2	2084004	1652909	2026296	8835	1	8669	1	0	61	40216	9136	45	2	4	9131	7	7	5	1818	33199	44	0	0	459	92.41	508	24	3	0	0	0	19	19	0	0	0	0	7	7	0	0	0
ERR732077	PRICE	2084004	1652915	1966099	8835	1	8749	1	0	0	25137	14243	25	7	30	8747	7	7	1	1818	13485	20	4292	0	3295	92.46	498	22	2	1	0	0	19	17	0	0	2	2	7	6	0	0	1
ERR732077	Inchworm	2084004	1652924	2070889	8835	1	8749	1	0	0	1080807	32282	12408	16	287	7576	7	7	0	1818	1054831	12400	16527	0	6079	92.95	380	24	2	0	0	0	19	19	0	2	0	0	7	7	0	0	0
ERR732077	Trinity	2084004	1652894	2060375	8835	1	8749	1	1	0	158898	8775	323	1	129	9082	7	7	5	1818	151881	322	0	0	410	92.41	508	24	3	0	0	0	19	19	0	0	0	0	7	7	0	0	0
ERR732077	VICUNA.80	2084004	1652962	2039238	8835	1	8749	1	0	0	76773	9680	127	4	30	9245	7	7	2	1818	69128	130	617	0	567	92.39	509	24	3	0	0	0	19	19	0	0	0	0	7	7	0	0	0
ERR732077	VICUNA.90	2084004	1652948	2039826	8835	1	8749	1	0	0	79595	9675	138	4	59	9245	7	7	2	1818	71956	140	612	0	640	92.39	509	24	3	0	0	0	19	19	0	0	0	0	7	7	0	0	0
ERR732074	IVA	1765392	1294707	1594390	8835	1	8669	1	1	80	31246	8666	27	1	27	9047	7	7	5	580	22991	26	0	0	381	92.46	592	30	2	0	0	0	19	19	0	0	0	0	7	7	0	0	0
ERR732074	IVA.c5r2	1765392	1294759	1597947	8835	1	8749	1	1	0	33149	8761	29	1	40	9126	7	7	5	500	24814	28	0	0	365	92.41	600	32	3	0	0	0	19	19	0	0	0	0	7	7	0	0	0
ERR732074	PRICE	1765392	1294723	1565952	8835	1	8745	1	0	4	49591	10592	231	6	93	9328	7	7	3	504	39637	237	1591	0	1325	92.72	574	32	3	0	0	0	19	19	0	0	0	0	7	7	0	0	0
ERR732074	Inchworm	1765392	1294733	1736468	8835	1	8749	1	0	0	2291664	24895	23915	23	1101	7667	7	7	0	500	2270446	23910	12859	0	1402	92.54	589	32	3	0	0	0	19	19	0	8	0	0	7	7	0	0	0
ERR732074	Trinity	1765392	1294685	1713165	8835	1	8749	1	0	0	559448	15918	1269	17	575	7709	7	7	1	581	545889	1254	4593	0	1864	92.53	526	29	2	0	0	0	19	19	0	0	0	0	7	7	0	0	0
ERR732074	VICUNA.80	1765392	1294718	1679756	8835	1	8669	1	0	80	198252	14954	410	22	238	9292	7	5	3	580	187270	402	2444	0	1503	92.82	560	29	3	0	0	0	19	19	0	0	0	0	7	7	0	0	0
ERR732074	VICUNA.90	1765392	1294744	1677586	8835	1	8749	1	0	0	204534	19452	434	32	327	9258	7	7	2	416	192315	425	3237	0	2593	92.73	566	33	3	0	0	0	19	19	0	0	0	0	7	7	0	0	0
ERR732088	IVA	1648268	1471106	1611343	8921	1	8492	1	0	376	29990	12986	32	2	49	9027	7	6	1	1239	19344	30	2421	0	2374	91.54	535	33	1	0	0	0	22	22	0	0	0	0	7	7	0	0	0
ERR732088	IVA.c5r2	1648268	1471162	1615357	8921	1	8921	1	0	0	38234	13914	46	2	70	9061	7	6	1	1237	27459	44	2548	0	2422	91.51	538	33	1	0	0	0	22	22	0	0	0	0	7	7	0	0	0
ERR732088	PRICE	1648268	1471187	1603503	8921	1	8920	1	0	0	37549	23380	31	16	144	9529	7	6	0	1246	20612	21	9273	0	8742	91.77	570	31	3	0	0	0	22	22	0	0	0	0	7	7	0	0	0
ERR732088	Inchworm	1648268	1471183	1638182	8921	1	8920	1	0	0	752755	23014	7098	13	460	9120	7	6	2	1246	733159	7092	11922	0	3012	91.7	575	31	1	0	0	0	22	22	0	0	0	0	7	7	0	0	0
ERR732088	Trinity	1648268	1471139	1633015	8921	1	8915	1	0	0	272489	17995	654	9	290	7327	7	6	2	1246	257378	646	7437	0	3513	91.72	572	33	1	0	0	0	22	16	2	0	6	4	7	6	1	1	0
ERR732088	VICUNA.80	1648268	1471244	1615754	8921	1	8868	1	0	0	107191	14818	194	20	87	9801	7	6	1	1398	95375	180	3759	0	2213	92.17	515	30	2	0	0	0	22	22	0	0	0	0	7	7	0	0	0
ERR732088	VICUNA.90	1648268	1471115	1624576	8921	1	8920	1	0	0	114741	18776	218	34	132	9357	7	6	1	1237	103163	203	3596	0	2177	91.86	554	33	2	0	0	0	22	22	0	0	0	0	7	7	0	0	0
ERR732089	IVA	1133788	698727	993576	8836	1	8730	1	0	21	38080	11822	43	2	32	9005	9	8	2	1362	28717	41	1575	0	2735	90.95	647	16	3	0	0	0	19	19	0	0	0	0	9	9	0	0	0
ERR732089	IVA.c5r2	1133788	698783	978796	8836	1	8730	1	0	21	43852	12020	48	2	63	9005	9	8	2	1362	34291	46	1575	0	2741	90.81	628	16	3	0	0	0	19	19	0	0	0	0	9	9	0	0	0
ERR732089	PRICE	1133788	698737	1037599	8836	1	8751	1	0	0	35234	12956	51	9	75	9327	9	8	3	1341	25647	48	1818	0	5797	90.72	666	18	3	0	0	0	19	19	0	0	0	0	9	9	0	0	0
ERR732089	Inchworm	1133788	698704	1121707	8836	1	8751	1	0	0	835167	38473	6783	21	854	9896	9	8	0	1349	803764	6776	23919	0	6925	90.97	666	11	4	0	0	0	19	19	0	0	0	0	9	9	0	0	0
ERR732089	Trinity	1133788	698720	604681	8836	1	2018	0	0	6733	298082	2016	820	3	960	1216	9	0	0	7591	296836	818	0	0	493	90.93	112	1	0	0	0	0	19	3	0	0	17	16	9	1	0	0	8
ERR732089	VICUNA.80	1133788	698745	1034094	8836	1	8751	1	0	0	130234	13499	239	10	106	9189	9	8	3	1368	120654	237	2006	0	899	91.1	658	11	6	0	0	0	19	19	0	0	0	0	9	9	0	0	0
ERR732089	VICUNA.90	1133788	698780	1034531	8836	1	8751	1	0	0	136547	15384	257	13	118	9107	9	8	2	1341	125052	251	3721	0	3768	90.91	653	16	3	0	0	0	19	19	0	0	0	0	9	9	0	0	0
ERR732118	IVA	534138	121142	351374	9017	1	8893	1	1	12	40407	8888	50	1	19	9063	9	5	4	1632	33026	49	0	0	267	88.32	813	50	3	0	0	0	20	20	0	0	0	0	9	9	0	0	0
ERR732118	IVA.c5r2	534138	121142	354234	9017	1	8893	1	1	12	43341	8884	50	1	23	9070	9	5	5	1632	35964	49	0	0	278	88.33	816	46	3	0	0	0	20	20	0	0	0	0	9	9	0	0	0
ERR732118	PRICE	534138	121140	480649	9017	1	8906	1	1	0	42449	8902	60	1	42	9120	9	5	3	1632	35067	59	0	0	323	88.17	816	59	3	0	0	0	20	20	0	0	0	0	9	9	0	0	0
ERR732118	Inchworm	534138	121144	526925	9017	1	8906	1	0	0	386417	12126	2964	4	143	4904	9	5	3	2196	376627	2961	2952	0	1180	88.77	744	24	3	0	0	0	20	20	0	2	0	0	9	9	0	0	0
ERR732118	Trinity	534138	121141	424843	9017	1	8906	1	0	0	174253	8926	326	2	73	4784	9	5	4	2196	167415	324	0	0	311	88.77	744	24	3	0	0	0	20	10	2	0	10	8	9	4	2	2	3
ERR732118	VICUNA.80	534138	121156	457096	9017	1	8906	1	0	0	115651	9424	170	3	14	9125	9	5	3	2196	108493	168	324	0	325	88.69	744	27	3	0	0	0	20	20	0	0	0	0	9	9	0	0	0
ERR732118	VICUNA.90	534138	121152	414981	9017	1	8906	1	0	0	114953	9860	174	4	29	9127	9	5	3	2196	107359	171	759	0	369	88.68	744	28	3	0	0	0	20	20	0	0	0	0	9	9	0	0	0
ERR732102	IVA	2646512	1822588	2343019	8978	1	8873	1	0	25	48241	15158	50	3	94	9027	9	7	4	511	35631	47	3994	0	2313	91.23	683	47	2	0	0	0	19	19	0	0	0	0	9	9	0	0	0
ERR732102	IVA.c5r2	2646512	1822564	2355488	8978	1	8873	1	0	25	47019	13401	50	2	67	9051	9	7	1	511	35068	48	2772	0	1327	90.89	614	36	2	0	0	0	19	19	0	0	0	0	9	9	0	0	0
ERR732102	PRICE	2646512	1822634	2348769	8978	1	8898	1	0	0	33195	11056	59	9	70	9253	9	7	2	506	23273	52	1439	0	2986	91.55	674	45	4	0	0	0	19	19	0	0	0	0	9	9	0	0	0
ERR732102	Inchworm	2646512	1822611	2619766	8978	1	8898	1	0	0	1802279	23171	14986	13	1338	6992	9	7	0	506	1780900	14978	12872	0	2127	91.46	683	45	2	0	0	0	19	19	0	2	0	0	9	9	0	0	0
ERR732102	Trinity	2646512	1822599	2554885	8978	1	8898	1	0	0	753257	25833	1831	20	786	4386	9	7	0	498	730222	1814	12853	0	2833	91.56	585	42	0	0	0	0	19	19	0	8	0	0	9	9	0	0	0
ERR732102	VICUNA.80	2646512	1822576	2487059	8978	1	8813	1	0	85	263859	14265	501	19	277	9409	9	7	2	464	252240	488	2933	0	1851	91.6	662	37	7	0	0	0	19	19	0	0	0	0	9	9	0	0	0
ERR732102	VICUNA.90	2646512	1822576	2487269	8978	1	8898	1	0	0	276742	22955	551	45	365	9221	9	7	2	455	261145	522	6725	0	3780	91.52	655	38	2	0	0	0	19	19	0	0	0	0	9	9	0	0	0
ERR732083	IVA	1265442	1131388	1212607	9359	1	9054	1	0	37	25976	9885	33	2	14	9015	9	9	4	489	17111	32	0	0	95	90.37	804	44	2	0	0	0	20	20	0	0	0	0	9	9	0	0	0
ERR732083	IVA.c5r2	1265442	1131406	1216404	9359	1	9054	1	0	37	34678	11073	47	2	44	9040	9	9	6	489	23776	45	2037	0	120	90.32	809	44	2	0	0	0	20	20	0	0	0	0	9	9	0	0	0
ERR732083	PRICE	1265442	1131390	1191150	9359	1	9096	1	0	0	24415	13784	27	9	52	9464	9	9	0	342	12494	21	2912	0	2782	90.42	807	51	2	0	0	0	20	20	0	0	0	0	9	9	0	0	0
ERR732083	Inchworm	1265442	1131358	1256705	9359	1	9096	1	0	0	780471	31941	6707	18	600	9161	9	9	0	342	750859	6700	20604	0	293	90.28	820	51	2	0	0	0	20	20	0	0	0	0	9	9	0	0	0
ERR732083	Trinity	1265442	1131370	1251400	9359	1	9090	1	0	6	290782	25193	792	11	408	8796	9	9	0	348	266746	784	11370	0	267	89.77	425	22	1	0	0	0	20	20	0	0	0	0	9	9	0	0	0
ERR732083	VICUNA.80	1265442	1131397	1236349	9359	1	9096	1	0	0	93569	18074	185	25	117	9189	9	9	3	970	80206	171	4262	0	1041	90.89	698	37	2	0	0	0	20	20	0	0	0	0	9	9	0	0	0
ERR732083	VICUNA.90	1265442	1131412	1236374	9359	1	9096	1	0	0	92443	18367	187	29	121	9117	9	9	2	333	78893	172	4247	0	919	90.4	794	50	1	0	0	0	20	20	0	0	0	0	9	9	0	0	0
ERR732085	IVA	487650	133110	307960	8958	1	8852	1	0	20	31781	8931	32	2	54	5021	8	7	3	460	23218	30	0	0	219	90.73	768	18	6	0	0	0	19	17	0	0	2	2	8	7	0	0	1
ERR732085	IVA.c5r2	487650	133120	315604	8958	1	8852	1	1	20	31755	8863	31	1	65	9002	8	7	4	460	23260	30	0	0	217	90.63	778	18	6	0	0	0	19	19	0	0	0	0	8	8	0	0	0
ERR732085	PRICE	487650	133128	378480	8958	1	8870	1	0	2	47181	11926	74	5	233	7722	8	7	2	452	38078	70	375	0	3296	90.51	778	16	6	0	0	0	19	15	2	0	4	2	8	6	2	2	0
ERR732085	Inchworm	487650	133148	470666	8958	1	8874	1	0	0	1482442	14539	10311	26	1527	3290	8	7	1	719	1473071	10303	1086	0	4010	90.76	747	15	3	0	0	0	19	17	0	8	2	2	8	8	0	0	0
ERR732085	Trinity	487650	133104	445942	8958	1	7910	0	0	964	729530	10162	1977	12	1071	3290	8	3	0	1905	722471	1972	0	0	1529	90.87	636	8	3	0	0	0	19	10	2	0	9	7	8	4	2	2	2
ERR732085	VICUNA.80	487650	133125	364765	8958	1	8874	1	0	0	195699	11494	383	6	218	9388	8	7	3	452	185840	381	1260	0	1201	90.57	784	18	6	0	0	0	19	19	0	0	0	0	8	8	0	0	0
ERR732085	VICUNA.90	487650	133107	359695	8958	1	8874	1	0	0	198085	14015	401	11	225	9101	8	7	1	452	186315	395	3150	0	2158	90.57	784	18	6	0	0	0	19	19	0	0	0	0	8	8	0	0	0
ERR732101	IVA	3724150	2591501	3458659	9017	1	8885	1	1	21	43434	8861	50	1	25	9036	9	5	5	1629	36057	49	0	0	259	88.44	815	39	3	0	0	0	20	20	0	0	0	0	9	9	0	0	0
ERR732101	IVA.c5r2	3724150	2591431	3463072	9017	1	8906	1	1	0	44942	8885	50	1	36	9092	9	5	5	1629	37565	49	0	0	312	88.52	809	39	3	0	0	0	20	20	0	0	0	0	9	9	0	0	0
ERR732101	PRICE	3724150	2591563	3515174	9017	1	8906	1	0	0	46175	14773	177	12	80	9371	9	5	0	2165	35163	169	4166	0	5062	88.92	719	41	2	0	0	0	20	20	0	0	0	0	9	9	0	0	0
ERR732101	Inchworm	3724150	2591568	3693418	9017	1	8906	1	0	0	872518	14412	9430	16	478	9213	9	5	2	1509	861611	9423	3327	0	840	88.75	805	48	1	0	0	0	20	20	0	0	0	0	9	9	0	0	0
ERR732101	Trinity	3724150	2591482	3600694	9017	1	8005	0	0	753	206772	10061	456	5	161	7701	9	5	2	1629	198135	453	1239	0	355	88.5	806	41	3	0	0	0	20	20	0	0	0	0	9	9	0	0	0
ERR732101	VICUNA.80	3724150	2591452	3555153	9017	1	8906	1	0	0	118299	15525	188	20	89	9247	9	5	1	1629	108023	178	2894	0	1330	88.58	794	50	3	0	0	0	20	20	0	0	0	0	9	9	0	0	0
ERR732101	VICUNA.90	3724150	2591461	3560695	9017	1	8906	1	0	0	117607	16580	193	23	68	9192	9	5	1	1629	107180	182	3049	0	1438	88.55	803	43	3	0	0	0	20	20	0	0	0	0	9	9	0	0	0
ERR732106	IVA	304334	131635	191758	8775	1	8699	1	1	24	14551	8658	11	1	33	8961	8	5	2	3313	9091	10	0	0	3496	90.04	519	26	2	0	0	0	19	19	0	0	0	0	8	8	0	0	0
ERR732106	IVA.c5r2	304334	131637	223738	8775	1	8699	1	1	24	31668	8658	33	1	39	8961	8	5	2	3313	26208	32	0	0	3496	90.12	515	26	2	0	0	0	19	19	0	0	0	0	8	8	0	0	0
ERR732106	PRICE	304334	131633	253163	8775	1	8723	1	0	0	38052	9009	66	2	87	6397	8	5	2	3313	32592	65	0	0	932	90.1	516	26	2	0	0	0	19	15	2	0	4	2	8	5	2	2	1
ERR732106	Inchworm	304334	131635	300516	8775	1	8723	1	0	0	453973	31008	3181	7	374	9039	8	5	0	3313	429721	3175	18792	0	8390	90.1	516	26	2	0	0	0	19	19	0	6	0	0	8	8	0	0	0
ERR732106	Trinity	304334	131641	287836	8775	1	7413	0	0	1310	206335	13809	500	6	223	4164	8	2	1	3305	197151	495	3042	0	4026	90.37	463	26	1	0	0	0	19	11	2	0	8	6	8	3	2	2	3
ERR732106	VICUNA.80	304334	131640	260198	8775	1	8723	1	0	0	92377	9718	158	4	44	9104	8	5	2	3304	86377	155	531	0	3898	90.1	517	26	1	0	0	0	19	19	0	0	0	0	8	8	0	0	0
ERR732106	VICUNA.90	304334	131646	259102	8775	1	8723	1	0	0	92460	10005	160	5	49	9067	8	2	2	3304	86460	157	531	0	3861	90.1	517	26	1	0	0	0	19	19	0	0	0	0	8	8	0	0	0
ERR732107	IVA	454902	69279	320957	9704	1	8412	0	0	776	36538	7995	34	1	10	8973	9	6	6	1596	28842	33	0	415	134	88.67	831	43	3	0	0	0	21	21	0	0	0	0	9	9	0	0	0
ERR732107	IVA.c5r2	454902	69272	328644	9704	1	8412	0	0	834	34677	7989	31	1	9	8967	9	6	6	1596	26987	30	0	415	134	88.67	825	49	3	0	0	0	21	21	0	0	0	0	9	9	0	0	0
ERR732107	PRICE	454902	69269	429258	9704	1	8446	0	0	830	37105	8011	47	1	42	9020	9	6	6	1562	29393	46	0	432	165	88.62	836	44	3	0	0	0	21	21	0	0	0	0	9	9	0	0	0
ERR732107	Inchworm	454902	69281	453143	9704	1	8446	0	0	772	284061	16580	2535	12	46	9203	9	6	0	1562	269697	2530	6657	432	4055	88.74	822	49	1	0	0	0	21	21	0	0	0	0	9	9	0	0	0
ERR732107	Trinity	454902	69272	443587	9704	1	8446	0	0	830	94016	8981	156	5	50	9015	9	6	4	1562	86094	154	215	432	165	88.71	824	49	3	0	0	0	21	21	0	0	0	0	9	9	0	0	0
ERR732107	VICUNA.80	454902	69269	354522	9704	1	8446	0	0	830	60078	8012	74	1	6	9054	9	6	6	1562	52365	73	0	432	198	88.74	828	43	3	0	0	0	21	21	0	0	0	0	9	9	0	0	0
ERR732107	VICUNA.90	454902	69267	354166	9704	1	8446	0	0	772	59169	8012	73	1	6	9054	9	6	6	1562	51456	72	0	432	198	88.74	828	43	3	0	0	0	21	21	0	0	0	0	9	9	0	0	0
ERR732104	IVA	3865306	3373657	3727744	8978	1	8873	1	1	25	17087	8884	13	1	8	9029	9	7	6	1864	9965	12	0	0	228	91.56	561	42	3	0	0	0	19	19	0	0	0	0	9	9	0	0	0
ERR732104	IVA.c5r2	3865306	3373727	3727715	8978	1	8873	1	1	25	18082	8884	13	1	7	9029	9	7	6	1864	10960	12	0	0	228	91.57	562	40	3	0	0	0	19	19	0	0	0	0	9	9	0	0	0
ERR732104	PRICE	3865306	3373698	3825675	8978	1	8898	1	0	0	20430	13034	37	9	15	6522	9	7	1	1864	10256	30	2720	0	2802	91.69	546	36	3	0	0	0	19	15	2	0	4	2	9	6	2	2	1
ERR732104	Inchworm	3865306	3373691	3855044	8978	1	8898	1	0	0	657457	27614	7799	11	104	9192	9	7	0	1864	632695	7793	17591	0	1354	91.62	560	42	2	0	0	0	19	19	0	0	0	0	9	9	0	0	0
ERR732104	Trinity	3865306	3373600	3799439	8978	1	8898	1	1	0	80282	8924	207	1	55	9145	9	7	6	1864	73160	206	0	0	329	91.57	562	40	3	0	0	0	19	19	0	0	0	0	9	9	0	0	0
ERR732104	VICUNA.80	3865306	3373805	3738990	8978	1	8898	1	0	0	34410	14138	44	15	18	9708	9	7	1	1864	23502	32	3811	0	1875	91.61	559	40	4	0	0	0	19	19	0	0	0	0	9	9	0	0	0
ERR732104	VICUNA.90	3865306	3373651	3739493	8978	1	8898	1	0	0	36284	14561	50	17	14	9696	9	7	1	1864	24854	36	4332	0	2135	91.63	560	38	3	0	0	0	19	19	0	0	0	0	9	9	0	0	0
ERR732082	IVA	868158	101248	535867	8921	1	8492	1	1	374	46474	8540	50	1	17	9038	7	5	4	1812	39360	49	0	0	749	91.44	559	21	3	0	0	0	22	22	0	0	0	0	7	7	0	0	0
ERR732082	IVA.c5r2	868158	101247	550313	8921	1	8492	1	1	374	49074	8531	50	1	21	9029	7	5	3	1812	41960	49	0	0	749	91.45	559	21	3	0	0	0	22	22	0	0	0	0	7	7	0	0	0
ERR732082	PRICE	868158	101258	584750	8921	1	8492	1	1	374	54964	8537	85	1	128	9101	7	5	4	1812	47807	90	0	0	815	91.45	559	21	3	0	0	0	22	22	0	0	0	0	7	7	0	0	0
ERR732082	Inchworm	868158	101244	836503	8921	1	8492	1	0	374	2111744	25874	19265	16	1752	7975	7	5	0	1812	2092387	19260	8733	0	6464	91.75	308	14	2	0	0	0	22	22	0	2	0	0	7	7	0	0	0
ERR732082	Trinity	868158	101251	782097	8921	1	8492	1	0	374	729561	20249	1669	10	830	7939	7	5	0	1812	715189	1665	4235	0	5175	91.5	331	13	2	0	0	0	22	18	0	0	4	4	7	7	0	0	0
ERR732082	VICUNA.80	868158	101257	711218	8921	1	8492	1	0	374	270550	10082	509	4	301	5464	7	5	1	1812	261860	512	683	0	1189	91.27	494	17	3	0	0	0	22	10	0	0	14	12	7	4	0	0	3
ERR732082	VICUNA.90	868158	101250	709886	8921	1	8492	1	0	374	270125	8869	518	2	336	9171	7	5	3	1812	262650	525	329	0	935	91.45	559	21	3	0	0	0	22	22	0	0	0	0	7	7	0	0	0
ERR732114	IVA	515828	281901	435568	8836	1	8730	1	1	21	36948	8710	45	1	23	9011	9	8	6	1391	29504	44	0	0	684	91.15	651	8	6	0	0	0	19	19	0	0	0	0	9	9	0	0	0
ERR732114	IVA.c5r2	515828	281909	443613	8836	1	8730	1	1	21	40665	8711	50	1	35	9012	9	8	5	1391	33220	49	0	0	684	90.99	662	9	6	0	0	0	19	19	0	0	0	0	9	9	0	0	0
ERR732114	PRICE	515828	281908	469272	8836	1	8747	1	0	4	32656	9146	45	3	59	4820	9	8	5	1374	24776	42	142	0	921	91.39	644	8	6	0	0	0	19	13	1	0	6	5	9	5	1	1	3
ERR732114	Inchworm	515828	281911	510787	8836	1	8751	1	0	0	355383	27329	2213	15	208	7929	9	8	0	1351	334010	2205	13864	0	5849	91.11	660	8	2	0	0	0	19	19	0	7	0	0	9	9	0	0	0
ERR732114	Trinity	515828	281894	343201	8836	1	2206	0	0	6345	194486	2203	436	3	131	1531	9	0	0	7347	192997	434	0	0	818	92.34	114	0	0	0	0	0	19	7	0	0	13	12	9	3	0	0	6
ERR732114	VICUNA.80	515828	281894	475409	8836	1	8751	1	0	0	113988	10481	199	7	27	9187	9	8	5	1370	105409	195	1055	0	980	91.19	654	8	7	0	0	0	19	19	0	0	0	0	9	9	0	0	0
ERR732114	VICUNA.90	515828	281888	475563	8836	1	8751	1	0	0	112648	11102	198	9	27	9109	9	8	2	1370	103751	193	1438	0	1015	91.12	655	8	6	0	0	0	19	19	0	0	0	0	9	9	0	0	0
ERR732108	IVA	256468	122309	178133	8140	1	8108	1	1	32	14730	8119	12	1	6	9010	9	4	4	709	7302	11	0	0	996	90.5	682	25	4	0	0	0	54	54	0	0	0	0	9	9	0	0	0
ERR732108	IVA.c5r2	256468	122305	186888	8140	1	8140	1	1	0	19083	8151	19	1	15	9068	9	4	4	709	11655	18	0	0	1054	90.49	683	25	4	0	0	0	54	54	0	0	0	0	9	9	0	0	0
ERR732108	PRICE	256468	122321	208926	8140	1	8140	1	1	0	26776	8151	48	1	26	9576	9	4	4	709	19348	47	0	0	1562	90.56	678	25	4	0	0	0	54	54	0	0	0	0	9	9	0	0	0
ERR732108	Inchworm	256468	122299	252972	8140	1	8140	1	0	0	431941	29799	2881	8	364	9064	9	4	0	709	403928	2876	20585	0	3030	90.53	680	25	4	0	0	0	54	54	0	0	0	0	9	9	0	0	0
ERR732108	Trinity	256468	122315	241252	8140	1	8140	1	0	0	202088	8434	531	2	247	9039	9	4	3	709	194660	530	0	0	1025	90.55	679	25	4	0	0	0	54	54	0	0	0	0	9	9	0	0	0
ERR732108	VICUNA.80	256468	122310	221813	8140	1	8140	1	0	0	86884	9608	166	5	63	9108	9	4	3	709	78015	161	1441	0	1488	90.51	681	25	4	0	0	0	54	54	0	0	0	0	9	9	0	0	0
ERR732108	VICUNA.90	256468	122311	221944	8140	1	8140	1	0	0	86495	9608	167	5	61	9108	9	4	3	709	77626	162	1441	0	1488	90.51	681	25	4	0	0	0	54	54	0	0	0	0	9	9	0	0	0
ERR732105	IVA	2472916	1908574	2400924	8835	1	8749	1	0	0	36090	9310	39	2	16	9133	7	7	5	1818	28972	37	101	0	1092	92.2	523	24	3	0	0	0	19	19	0	0	0	0	7	7	0	0	0
ERR732105	IVA.c5r2	2472916	1908498	2407829	8835	1	8749	1	0	0	39834	9296	43	2	23	9135	7	7	5	1818	32716	41	101	0	1156	92.19	523	24	3	0	0	0	19	19	0	0	0	0	7	7	0	0	0
ERR732105	PRICE	2472916	1908476	2382174	8835	1	8669	1	0	67	25074	10966	33	6	36	9389	7	7	2	1465	16295	28	1409	0	3050	91.72	576	34	3	0	0	0	19	19	0	0	0	0	7	7	0	0	0
ERR732105	Inchworm	2472916	1908525	2453939	8835	1	8749	1	0	0	1172426	17282	11943	11	720	9246	7	7	1	1461	1157710	11940	7342	0	934	91.7	578	34	3	0	0	0	19	19	0	0	0	0	7	7	0	0	0
ERR732105	Trinity	2472916	1908501	1560208	8835	1	3759	0	0	4956	266276	3751	694	2	1150	2376	7	1	1	6839	264284	692	0	0	1774	92.0	154	6	1	0	0	0	19	10	2	0	9	7	7	4	1	1	2
ERR732105	VICUNA.80	2472916	1908593	2446491	8835	1	8749	1	0	0	113527	11689	186	12	171	9228	7	7	3	1460	104994	179	1158	0	1957	91.72	577	34	3	0	0	0	19	19	0	0	0	0	7	7	0	0	0
ERR732105	VICUNA.90	2472916	1908460	2446741	8835	1	8749	1	0	0	117176	11891	209	13	176	9228	7	7	3	1460	108441	201	1360	0	2060	91.72	577	34	3	0	0	0	19	19	0	0	0	0	7	7	0	0	0
ERR732098	IVA	2117882	1231261	1762402	8958	1	8852	1	1	13	44958	8881	50	1	13	9020	8	7	4	465	36468	49	0	0	243	90.61	781	16	6	0	0	0	19	19	0	0	0	0	8	8	0	0	0
ERR732098	IVA.c5r2	2117882	1231236	1762942	8958	1	8861	1	1	4	42192	8890	49	1	37	9028	8	7	4	465	33702	48	0	0	251	90.61	781	16	6	0	0	0	19	19	0	0	0	0	8	8	0	0	0
ERR732098	PRICE	2117882	1231263	1824000	8958	1	8870	1	0	0	36846	10087	42	6	148	9220	8	7	2	465	27716	39	639	0	1255	90.4	795	21	6	0	0	0	19	19	0	0	0	0	8	8	0	0	0
ERR732098	Inchworm	2117882	1231211	2087644	8958	1	8874	1	0	0	1960477	22562	16227	13	2402	7417	8	7	0	465	1939669	16220	12294	0	1526	90.63	780	16	4	0	0	0	19	15	2	0	4	2	8	6	2	2	0
ERR732098	Trinity	2117882	1231186	2029598	8958	1	8852	1	0	13	743935	10771	1962	4	1377	7369	8	7	3	465	733896	1959	993	0	404	90.47	720	13	6	0	0	0	19	19	0	6	0	0	8	8	0	0	0
ERR732098	VICUNA.80	2117882	1231204	1894196	8958	1	8874	1	0	0	250120	13884	453	20	262	9177	8	7	1	713	239090	439	2424	0	3602	90.87	747	15	6	0	0	0	19	19	0	0	0	0	8	8	0	0	0
ERR732098	VICUNA.90	2117882	1231188	1894820	8958	1	8874	1	0	0	249116	15472	461	24	244	9130	8	7	1	454	236560	445	3362	0	3406	90.83	751	12	5	0	0	0	19	19	0	0	0	0	8	8	0	0	0
ERR732081	IVA	1955432	1638251	1906242	8720	1	8586	1	0	76	20676	9173	19	2	2	9047	8	8	6	477	12111	17	323	0	641	92.4	591	35	6	0	0	0	19	19	0	0	0	0	8	8	0	0	0
ERR732081	IVA.c5r2	1955432	1638159	1906900	8720	1	8586	1	1	76	23910	8666	25	1	18	9131	8	8	7	477	15668	24	0	0	465	92.4	589	37	6	0	0	0	19	19	0	0	0	0	8	8	0	0	0
ERR732081	PRICE	1955432	1638321	1919704	8720	1	8666	1	0	0	18382	11717	17	10	15	9426	8	8	4	458	8004	8	1784	0	4290	92.36	564	32	6	0	0	0	19	19	0	0	0	0	8	8	0	0	0
ERR732081	Inchworm	1955432	1638260	1946141	8720	1	8666	1	0	0	922193	35308	11021	11	118	9178	8	8	0	477	889700	11016	23901	0	2977	92.6	576	39	5	0	0	0	19	19	0	0	0	0	8	8	0	0	0
ERR732081	Trinity	1955432	1638236	1917006	8720	1	8666	1	0	0	113749	18419	226	3	170	9089	8	8	0	477	96418	223	9083	0	1702	92.46	586	35	4	0	0	0	19	19	0	0	0	0	8	8	0	0	0
ERR732081	VICUNA.80	1955432	1638272	1939776	8720	1	8666	1	0	0	54996	15162	94	22	44	9269	8	8	1	477	41561	79	4967	0	2212	92.62	582	36	6	0	0	0	19	19	0	0	0	0	8	8	0	0	0
ERR732081	VICUNA.90	1955432	1638303	1940126	8720	1	8666	1	0	0	56240	15986	98	25	47	9225	8	8	1	476	42396	81	5506	0	2483	92.41	576	34	5	0	0	0	19	19	0	0	0	0	8	8	0	0	0
ERR732129	IVA	562180	485099	517447	8911	1	8911	1	1	0	10571	8952	5	1	1	9023	9	6	5	1112	2775	4	0	0	138	91.68	621	28	6	0	0	0	21	21	0	0	0	0	9	9	0	0	0
ERR732129	IVA.c5r2	562180	485142	517479	8911	1	8911	1	1	0	10592	8952	5	1	0	9023	9	6	5	1112	2796	4	0	0	138	91.7	620	28	6	0	0	0	21	21	0	0	0	0	9	9	0	0	0
ERR732129	PRICE	562180	485128	527141	8911	1	8911	1	0	0	14609	9839	18	4	17	4774	9	7	4	1112	6153	15	389	0	346	91.87	612	28	6	0	0	0	21	8	0	0	15	13	9	3	0	0	6
ERR732129	Inchworm	562180	485142	560197	8911	1	8911	1	0	0	268368	44523	1849	8	98	9098	9	6	0	1112	228796	1843	31776	0	5213	91.7	620	28	4	0	0	0	21	21	0	0	0	0	9	9	0	0	0
ERR732129	Trinity	562180	485095	546934	8911	1	8911	1	0	0	114510	15577	319	2	98	9059	9	6	0	1112	100683	317	6031	0	875	91.7	620	28	6	0	0	0	21	21	0	0	0	0	9	9	0	0	0
ERR732129	VICUNA.80	562180	485112	536368	8911	1	8911	1	0	0	47736	11445	95	10	22	9219	9	7	1	1452	39572	90	705	0	1362	92.03	572	23	6	0	0	0	21	21	0	0	0	0	9	9	0	0	0
ERR732129	VICUNA.90	562180	485106	536003	8911	1	8911	1	0	0	46125	11349	92	10	5	9176	9	7	1	1451	37960	87	705	0	1362	92.01	573	23	5	0	0	0	21	21	0	0	0	0	9	9	0	0	0
ERR732130	IVA	362578	258717	288673	9128	1	8928	1	1	68	11612	8952	5	1	0	9042	9	8	7	1065	3558	4	0	0	90	91.83	629	31	6	0	0	0	19	19	0	0	0	0	9	9	0	0	0
ERR732130	IVA.c5r2	362578	258719	297412	9128	1	8928	1	1	68	19402	8952	18	1	3	9042	9	8	7	1065	11348	17	0	0	90	91.83	629	31	6	0	0	0	19	19	0	0	0	0	9	9	0	0	0
ERR732130	PRICE	362578	258725	333700	9128	1	8951	1	1	56	22750	8974	37	1	62	9219	9	8	7	1042	14674	36	0	0	245	91.84	631	30	6	0	0	0	19	19	0	0	0	0	9	9	0	0	0
ERR732130	Inchworm	362578	258716	360422	9128	1	8951	1	0	56	259679	27631	1884	13	127	4870	9	8	0	1042	237462	1878	14118	0	4521	91.87	629	32	4	0	0	0	19	19	0	2	0	0	9	9	0	0	0
ERR732130	Trinity	362578	258703	339273	9128	1	8951	1	1	56	111097	8974	274	1	77	9195	9	8	7	1042	103021	273	0	0	221	91.84	629	32	6	0	0	0	19	19	0	0	0	0	9	9	0	0	0
ERR732130	VICUNA.80	362578	258699	336388	9128	1	8951	1	1	56	46410	8975	78	1	13	9164	9	8	7	1042	38333	77	0	0	189	91.84	630	31	6	0	0	0	19	19	0	0	0	0	9	9	0	0	0
ERR732130	VICUNA.90	362578	258708	336369	9128	1	8951	1	0	56	45611	9547	78	3	14	9164	9	8	4	1042	36969	75	565	0	454	91.84	630	31	6	0	0	0	19	19	0	0	0	0	9	9	0	0	0
ERR732132	IVA	695090	645946	683337	8911	1	8911	1	1	0	14041	8967	14	1	28	9038	9	6	5	552	5683	13	0	0	305	91.08	706	41	7	0	0	0	21	21	0	0	0	0	9	9	0	0	0
ERR732132	IVA.c5r2	695090	645949	684615	8911	1	8911	1	1	0	14880	8949	15	1	30	9020	9	6	5	574	6541	14	0	0	305	91.03	709	40	7	0	0	0	21	21	0	0	0	0	9	9	0	0	0
ERR732132	PRICE	695090	645929	678368	8911	1	8911	1	0	0	11454	9166	6	1	11	9312	9	6	4	574	2919	5	196	0	380	91.2	699	36	7	0	0	0	21	21	0	0	0	0	9	9	0	0	0
ERR732132	Inchworm	695090	645912	693530	8911	1	8911	1	0	0	242047	49813	2140	7	93	9149	9	6	0	552	195170	2134	38042	0	3325	90.86	635	38	3	0	0	0	21	21	0	0	0	0	9	9	0	0	0
ERR732132	Trinity	695090	645929	692216	8911	1	8911	1	0	0	61548	18442	130	4	35	9093	9	6	0	552	44328	126	8862	0	1265	91.17	697	43	5	0	0	0	21	21	0	0	0	0	9	9	0	0	0
ERR732132	VICUNA.80	695090	645932	687535	8911	1	8911	1	0	0	27211	10809	42	8	11	9157	9	6	1	553	17618	36	1233	0	874	91.16	702	38	8	0	0	0	21	21	0	0	0	0	9	9	0	0	0
ERR732132	VICUNA.90	695090	645927	687672	8911	1	8911	1	0	0	28038	11114	45	9	15	9133	9	6	1	552	18115	38	1562	0	874	91.15	703	38	7	0	0	0	21	21	0	0	0	0	9	9	0	0	0
ERR732094	IVA	1795162	1539071	1776879	8978	1	8873	1	0	25	21389	12312	17	3	45	9056	9	7	3	529	11002	14	1779	0	2017	91.2	685	43	4	0	0	0	19	19	0	0	0	0	9	9	0	0	0
ERR732094	IVA.c5r2	1795162	1539028	1775366	8978	1	8873	1	0	25	20020	10292	15	2	49	9328	9	7	5	530	10686	13	625	0	900	91.38	695	37	5	1	0	0	19	11	2	0	8	6	9	4	2	2	3
ERR732094	PRICE	1795162	1539070	1764201	8978	1	8885	1	0	13	20197	16857	13	6	63	15411	9	7	2	523	4774	7	6415	0	2837	91.27	660	35	4	0	2	0	19	19	0	0	0	0	9	9	0	0	0
ERR732094	Inchworm	1795162	1539082	1788308	8978	1	8898	1	0	0	347698	24820	3797	16	194	4818	9	7	0	510	325450	3788	13700	0	2288	91.43	696	35	3	0	0	0	19	19	0	2	0	0	9	9	0	0	0
ERR732094	Trinity	1795162	1539045	1785050	8978	1	8898	1	0	0	70640	17948	147	10	165	4088	9	7	2	507	57266	139	4282	0	3889	91.32	644	37	3	0	0	0	19	17	0	6	2	2	9	8	0	0	1
ERR732094	VICUNA.80	1795162	1539084	1770092	8978	1	8813	1	0	85	33765	10790	46	8	51	9233	9	7	3	449	24316	41	893	0	699	91.35	697	43	5	0	0	0	19	19	0	0	0	0	9	9	0	0	0
ERR732094	VICUNA.90	1795162	1539056	1773091	8978	1	8898	1	0	0	35189	12004	51	11	38	9410	9	7	2	585	25385	44	1388	0	1020	91.37	685	42	4	0	0	0	19	19	0	0	0	0	9	9	0	0	0
ERR732131	IVA	517924	415384	445463	8911	1	8911	1	1	0	12992	8949	10	1	12	9020	9	6	5	1046	5131	9	0	0	138	91.35	641	40	5	0	0	0	21	21	0	0	0	0	9	9	0	0	0
ERR732131	IVA.c5r2	517924	415390	444609	8911	1	8911	1	1	0	12022	8949	6	1	15	9020	9	6	5	1046	4161	5	0	0	138	91.35	641	40	5	0	0	0	21	21	0	0	0	0	9	9	0	0	0
ERR732131	PRICE	517924	415392	466233	8911	1	8911	1	0	0	16733	9379	24	3	56	9107	9	6	4	1046	8442	21	430	0	461	91.48	631	40	5	0	0	0	21	21	0	0	0	0	9	9	0	0	0
ERR732131	Inchworm	517924	415392	515178	8911	1	8911	1	0	0	332189	45472	2445	8	183	9098	9	6	0	1046	291729	2439	32599	0	5257	91.47	632	40	4	0	0	0	21	21	0	0	0	0	9	9	0	0	0
ERR732131	Trinity	517924	415387	496073	8911	1	8635	1	1	276	125873	8666	352	1	70	8742	9	6	5	1265	118228	351	0	0	76	91.78	598	31	5	0	0	0	21	21	0	0	0	0	9	9	0	0	0
ERR732131	VICUNA.80	517924	415379	480811	8911	1	8911	1	0	0	51753	10539	95	6	45	9116	9	6	3	1047	42913	91	980	0	234	91.47	632	40	5	0	0	0	21	21	0	0	0	0	9	9	0	0	0
ERR732131	VICUNA.90	517924	415401	480826	8911	1	8911	1	0	0	52437	10732	98	7	43	9116	9	6	3	1047	43597	94	980	0	234	91.47	632	40	5	0	0	0	21	21	0	0	0	0	9	9	0	0	0
ERR732086	IVA	794454	481026	672983	8958	1	8852	1	0	22	24556	12081	21	2	5	9002	8	7	2	460	14199	19	1862	0	1573	90.63	778	18	6	0	0	0	19	19	0	0	0	0	8	8	0	0	0
ERR732086	IVA.c5r2	794454	480987	690751	8958	1	8852	1	0	22	38427	13199	39	3	27	8914	8	7	1	460	26952	36	2613	0	1666	90.75	755	15	6	0	0	0	19	19	0	0	0	0	8	8	0	0	0
ERR732086	PRICE	794454	480998	702166	8958	1	8874	1	0	0	40423	9526	56	3	38	10664	8	7	3	460	31727	54	201	0	2289	90.65	776	18	6	0	0	0	19	19	0	0	0	0	8	8	0	0	0
ERR732086	Inchworm	794454	480989	782058	8958	1	8874	1	0	0	1172858	38594	8692	17	1154	9089	8	7	0	460	1137468	8684	26102	0	1972	90.63	713	18	5	0	1	0	19	19	0	2	0	0	8	8	0	0	0
ERR732086	Trinity	794454	480996	758233	8958	1	8874	1	0	0	518092	12642	1389	5	770	9056	8	7	1	460	507861	1387	1736	0	1567	90.61	780	18	6	0	0	0	19	19	0	0	0	0	8	8	0	0	0
ERR732086	VICUNA.80	794454	481004	729237	8958	1	8874	1	0	0	151781	13402	292	11	168	9163	8	7	2	453	141194	285	1971	0	2119	90.63	781	19	7	0	0	0	19	19	0	0	0	0	8	8	0	0	0
ERR732086	VICUNA.90	794454	481018	729637	8958	1	8874	1	0	0	153492	14961	298	12	169	9096	8	7	1	460	141128	289	3807	0	2502	90.57	786	15	6	0	0	0	19	19	0	0	0	0	8	8	0	0	0
